{"lhs_partition": 0, "rhs_partition": 0, "index": 0, "stats": {"count": 12906000, "metrics": {"loss": 16.212958743298902, "reg": 0.0010737423323220019, "violators_lhs": 540.900335967767, "violators_rhs": 542.9393313187664}}, "epoch_idx": 0, "edge_path_idx": 0, "edge_chunk_idx": 0}
{"lhs_partition": 0, "rhs_partition": 0, "index": 1, "stats": {"count": 12906000, "metrics": {"loss": 16.17001924647602, "reg": 0.0006787818012224802, "violators_lhs": 531.2902050209206, "violators_rhs": 531.8432089725709}}, "epoch_idx": 1, "edge_path_idx": 0, "edge_chunk_idx": 0}
{"lhs_partition": 0, "rhs_partition": 0, "index": 2, "stats": {"count": 12906000, "metrics": {"loss": 16.165508919664305, "reg": 0.0006065081337323378, "violators_lhs": 531.2148126452813, "violators_rhs": 531.2828348830002}}, "epoch_idx": 2, "edge_path_idx": 0, "edge_chunk_idx": 0}
{"lhs_partition": 0, "rhs_partition": 0, "index": 3, "stats": {"count": 12906000, "metrics": {"loss": 16.163253325843783, "reg": 0.0005787634779337615, "violators_lhs": 531.1585317681698, "violators_rhs": 531.2455695800403}}, "epoch_idx": 3, "edge_path_idx": 0, "edge_chunk_idx": 0}
{"lhs_partition": 0, "rhs_partition": 0, "index": 4, "stats": {"count": 12906000, "metrics": {"loss": 16.161668667916086, "reg": 0.0005544459175381405, "violators_lhs": 531.4083735471874, "violators_rhs": 531.3171329614133}}, "epoch_idx": 4, "edge_path_idx": 0, "edge_chunk_idx": 0}
{"lhs_partition": 0, "rhs_partition": 0, "index": 5, "stats": {"count": 12906000, "metrics": {"loss": 16.160410781110773, "reg": 0.0005512461598813026, "violators_lhs": 531.5925301410197, "violators_rhs": 531.3722407407407}}, "epoch_idx": 5, "edge_path_idx": 0, "edge_chunk_idx": 0}
{"lhs_partition": 0, "rhs_partition": 0, "index": 6, "stats": {"count": 12906000, "metrics": {"loss": 16.159189587585836, "reg": 0.0005592382985924761, "violators_lhs": 531.7164861304819, "violators_rhs": 531.4079132961414}}, "epoch_idx": 6, "edge_path_idx": 0, "edge_chunk_idx": 0}
{"lhs_partition": 0, "rhs_partition": 0, "index": 7, "stats": {"count": 12906000, "metrics": {"loss": 16.158061843585955, "reg": 0.0005681265305058635, "violators_lhs": 531.7053635518364, "violators_rhs": 531.4426512474818}}, "epoch_idx": 7, "edge_path_idx": 0, "edge_chunk_idx": 0}
{"lhs_partition": 0, "rhs_partition": 0, "index": 8, "stats": {"count": 12906000, "metrics": {"loss": 16.157032669556855, "reg": 0.0005650273576729818, "violators_lhs": 531.806897334573, "violators_rhs": 531.4883662637533}}, "epoch_idx": 8, "edge_path_idx": 0, "edge_chunk_idx": 0}
{"lhs_partition": 0, "rhs_partition": 0, "index": 9, "stats": {"count": 12906000, "metrics": {"loss": 16.156300518608713, "reg": 0.0005842665269054148, "violators_lhs": 531.8604556795289, "violators_rhs": 531.3932483341082}}, "epoch_idx": 9, "edge_path_idx": 0, "edge_chunk_idx": 0}
{"lhs_partition": 0, "rhs_partition": 0, "index": 10, "stats": {"count": 12906000, "metrics": {"loss": 16.15570692690476, "reg": 0.0006034495429118973, "violators_lhs": 531.8619882225322, "violators_rhs": 531.2778858670385}}, "epoch_idx": 10, "edge_path_idx": 0, "edge_chunk_idx": 0}
{"lhs_partition": 0, "rhs_partition": 0, "index": 11, "stats": {"count": 12906000, "metrics": {"loss": 16.15474432294542, "reg": 0.0006056091300802565, "violators_lhs": 531.9794907794824, "violators_rhs": 531.283109483961}}, "epoch_idx": 11, "edge_path_idx": 0, "edge_chunk_idx": 0}
{"lhs_partition": 0, "rhs_partition": 0, "index": 12, "stats": {"count": 12906000, "metrics": {"loss": 16.15418572257453, "reg": 0.0006309738512219208, "violators_lhs": 531.8170852316752, "violators_rhs": 531.0776765845343}}, "epoch_idx": 12, "edge_path_idx": 0, "edge_chunk_idx": 0}
{"lhs_partition": 0, "rhs_partition": 0, "index": 13, "stats": {"count": 12906000, "metrics": {"loss": 16.15381113019441, "reg": 0.0006354961940796731, "violators_lhs": 531.8943524717185, "violators_rhs": 530.980059972106}}, "epoch_idx": 13, "edge_path_idx": 0, "edge_chunk_idx": 0}
{"lhs_partition": 0, "rhs_partition": 0, "index": 14, "stats": {"count": 12906000, "metrics": {"loss": 16.15309065429839, "reg": 0.0006483721934742711, "violators_lhs": 531.7380528436386, "violators_rhs": 530.8678672710367}}, "epoch_idx": 14, "edge_path_idx": 0, "edge_chunk_idx": 0}
{"lhs_partition": 0, "rhs_partition": 0, "index": 15, "stats": {"count": 12906000, "metrics": {"loss": 16.15266830319958, "reg": 0.0006437072677356817, "violators_lhs": 531.4847412056408, "violators_rhs": 530.6451337362467}}, "epoch_idx": 15, "edge_path_idx": 0, "edge_chunk_idx": 0}
{"lhs_partition": 0, "rhs_partition": 0, "index": 16, "stats": {"count": 12906000, "metrics": {"loss": 16.152329389514506, "reg": 0.0006635581614556708, "violators_lhs": 531.4704499457616, "violators_rhs": 530.6204439020611}}, "epoch_idx": 16, "edge_path_idx": 0, "edge_chunk_idx": 0}
{"lhs_partition": 0, "rhs_partition": 0, "index": 17, "stats": {"count": 12906000, "metrics": {"loss": 16.15197207368726, "reg": 0.0006688166273338987, "violators_lhs": 531.3748885789555, "violators_rhs": 530.4744657523632}}, "epoch_idx": 17, "edge_path_idx": 0, "edge_chunk_idx": 0}
{"lhs_partition": 0, "rhs_partition": 0, "index": 18, "stats": {"count": 12906000, "metrics": {"loss": 16.151613715656115, "reg": 0.0006748519728839739, "violators_lhs": 531.2540441655044, "violators_rhs": 530.3581340461801}}, "epoch_idx": 18, "edge_path_idx": 0, "edge_chunk_idx": 0}
{"lhs_partition": 0, "rhs_partition": 0, "index": 19, "stats": {"count": 12906000, "metrics": {"loss": 16.15126507050984, "reg": 0.0006804324026735794, "violators_lhs": 531.1514582364791, "violators_rhs": 530.2155753912908}}, "epoch_idx": 19, "edge_path_idx": 0, "edge_chunk_idx": 0}
{"lhs_partition": 0, "rhs_partition": 0, "index": 20, "stats": {"count": 12906000, "metrics": {"loss": 16.151017332735865, "reg": 0.0006865144359689987, "violators_lhs": 531.0370791104913, "violators_rhs": 530.0788530141019}}, "epoch_idx": 20, "edge_path_idx": 0, "edge_chunk_idx": 0}
{"lhs_partition": 0, "rhs_partition": 0, "index": 21, "stats": {"count": 12906000, "metrics": {"loss": 16.15078118749879, "reg": 0.0006888162183386124, "violators_lhs": 531.026423214009, "violators_rhs": 530.0186125058112}}, "epoch_idx": 21, "edge_path_idx": 0, "edge_chunk_idx": 0}
{"lhs_partition": 0, "rhs_partition": 0, "index": 22, "stats": {"count": 12906000, "metrics": {"loss": 16.150441859345943, "reg": 0.0006929277746336194, "violators_lhs": 530.837290330079, "violators_rhs": 529.8783053618472}}, "epoch_idx": 22, "edge_path_idx": 0, "edge_chunk_idx": 0}
{"lhs_partition": 0, "rhs_partition": 0, "index": 23, "stats": {"count": 12906000, "metrics": {"loss": 16.15019211971721, "reg": 0.0007009669524370266, "violators_lhs": 530.7465010072834, "violators_rhs": 529.8741056872773}}, "epoch_idx": 23, "edge_path_idx": 0, "edge_chunk_idx": 0}
{"lhs_partition": 0, "rhs_partition": 0, "index": 24, "stats": {"count": 12906000, "metrics": {"loss": 16.15006533313599, "reg": 0.0006959673638318318, "violators_lhs": 530.6926662017667, "violators_rhs": 529.7045571827057}}, "epoch_idx": 24, "edge_path_idx": 0, "edge_chunk_idx": 0}
{"lhs_partition": 0, "rhs_partition": 0, "index": 25, "stats": {"count": 12906000, "metrics": {"loss": 16.149816027383704, "reg": 0.0007047705337631505, "violators_lhs": 530.5296843328684, "violators_rhs": 529.5476608554161}}, "epoch_idx": 25, "edge_path_idx": 0, "edge_chunk_idx": 0}
{"lhs_partition": 0, "rhs_partition": 0, "index": 26, "stats": {"count": 12906000, "metrics": {"loss": 16.149507612359926, "reg": 0.0006987023579980557, "violators_lhs": 530.4722322950565, "violators_rhs": 529.4474945761662}}, "epoch_idx": 26, "edge_path_idx": 0, "edge_chunk_idx": 0}
{"lhs_partition": 0, "rhs_partition": 0, "index": 27, "stats": {"count": 12906000, "metrics": {"loss": 16.149487348309712, "reg": 0.0007066549006269345, "violators_lhs": 530.396759646676, "violators_rhs": 529.4212828141949}}, "epoch_idx": 27, "edge_path_idx": 0, "edge_chunk_idx": 0}
{"lhs_partition": 0, "rhs_partition": 0, "index": 28, "stats": {"count": 12906000, "metrics": {"loss": 16.149297053423552, "reg": 0.0007079577622647971, "violators_lhs": 530.2955079033007, "violators_rhs": 529.322062684023}}, "epoch_idx": 28, "edge_path_idx": 0, "edge_chunk_idx": 0}
{"lhs_partition": 0, "rhs_partition": 0, "index": 29, "stats": {"count": 12906000, "metrics": {"loss": 16.14906619687851, "reg": 0.0007059396779144178, "violators_lhs": 530.236369363087, "violators_rhs": 529.3294559894623}}, "epoch_idx": 29, "edge_path_idx": 0, "edge_chunk_idx": 0}
{"lhs_partition": 0, "rhs_partition": 0, "index": 30, "stats": {"count": 12906000, "metrics": {"loss": 16.148957611088715, "reg": 0.0007128070316482529, "violators_lhs": 530.1245230900356, "violators_rhs": 529.1965068960174}}, "epoch_idx": 30, "edge_path_idx": 0, "edge_chunk_idx": 0}
{"lhs_partition": 0, "rhs_partition": 0, "index": 31, "stats": {"count": 12906000, "metrics": {"loss": 16.148807302941098, "reg": 0.0007137505047643312, "violators_lhs": 530.0657935843793, "violators_rhs": 529.1209665271966}}, "epoch_idx": 31, "edge_path_idx": 0, "edge_chunk_idx": 0}
{"lhs_partition": 0, "rhs_partition": 0, "index": 32, "stats": {"count": 12906000, "metrics": {"loss": 16.14863745060437, "reg": 0.0007132495297108919, "violators_lhs": 530.0202873082287, "violators_rhs": 529.0853121803813}}, "epoch_idx": 32, "edge_path_idx": 0, "edge_chunk_idx": 0}
{"lhs_partition": 0, "rhs_partition": 0, "index": 33, "stats": {"count": 12906000, "metrics": {"loss": 16.148429058704526, "reg": 0.0007080878507655922, "violators_lhs": 529.8967622036262, "violators_rhs": 529.0044228265923}}, "epoch_idx": 33, "edge_path_idx": 0, "edge_chunk_idx": 0}
{"lhs_partition": 0, "rhs_partition": 0, "index": 34, "stats": {"count": 12906000, "metrics": {"loss": 16.14840384990811, "reg": 0.000720595152892476, "violators_lhs": 529.8952377963737, "violators_rhs": 528.9441445839144}}, "epoch_idx": 34, "edge_path_idx": 0, "edge_chunk_idx": 0}
